own2,city,richness,Evar,EVALID,plot_count_Curr,city_acres,ForestService,OtherFederal,Private,StateLocal,Agriculture,Commercial/Industrial,Forest land,Multi-family,Nonsampled,OtherNonforest,Rangeland/Chaparral,Recreation/Cemetery,Residential,Rights-of-Way,Water,city.y.y,city_ascii,state_id,state_name,county_fips,county_name,lat,lng,population,density,source,military,incorporated,timezone,ranking,zips,id,ecoregion1,ecoregion2,ecoregion3,classification_1,classification_2,classification_3
Private,AustinTX,48,0.2555376111268419,AustinTX2022Curr,227,195259.0350815,NA,1664.8703532669942,122290.13931451018,67093.02135052654,3203.63081709919,34927.60878321163,48182.55030744511,10785.437768414156,NA,NA,5067.391539489559,5590.003847571171,51944.611364258955,31346.79659081393,4211.004063196279,Austin,Austin,TX,Texas,48453,Travis,30.3005,-97.7522,1915031,1145,shape,FALSE,TRUE,America/Chicago,1,78749 78748 78741 78742 78745 78744 78747 78746 78717 78712 78719 78617 78739 78735 78736 78730 78731 78732 78733 78705 78704 78701 78703 78702 78758 78759 78752 78753 78750 78751 78756 78757 78754 78652 78723 78722 78721 78727 78726 78725 78724 78729 78728 73301 73344 78651 78708 78709 78710 78711 78713 78714 78715 78718 78720 78755 78760 78761 78762 78763 78765 78766 78767 78768 78772 78773 78774 78778 78779 78783 78799,1840019590,great plains,south central semiarid prairies,texas blackland prairies,not forested,not forested,not forested
Public,AustinTX,36,0.27375293721973104,AustinTX2022Curr,227,195259.0350815,NA,1664.8703532669942,122290.13931451018,67093.02135052654,3203.63081709919,34927.60878321163,48182.55030744511,10785.437768414156,NA,NA,5067.391539489559,5590.003847571171,51944.611364258955,31346.79659081393,4211.004063196279,Austin,Austin,TX,Texas,48453,Travis,30.3005,-97.7522,1915031,1145,shape,FALSE,TRUE,America/Chicago,1,78749 78748 78741 78742 78745 78744 78747 78746 78717 78712 78719 78617 78739 78735 78736 78730 78731 78732 78733 78705 78704 78701 78703 78702 78758 78759 78752 78753 78750 78751 78756 78757 78754 78652 78723 78722 78721 78727 78726 78725 78724 78729 78728 73301 73344 78651 78708 78709 78710 78711 78713 78714 78715 78718 78720 78755 78760 78761 78762 78763 78765 78766 78767 78768 78772 78773 78774 78778 78779 78783 78799,1840019590,great plains,south central semiarid prairies,texas blackland prairies,not forested,not forested,not forested
Private,BaltimoreMD,55,0.5286000947198541,BaltimoreMD2022Curr,213,58911.858261,NA,676.7399826313073,28833.590004579146,22527.72284184696,NA,12737.852313286652,3569.7747485913164,5601.479205363584,NA,NA,NA,4318.846521962537,12769.844992445893,13040.25504740743,6873.805432126556,Baltimore,Baltimore,MD,Maryland,24510,Baltimore,39.3051,-76.6144,2189589,2753.1,shape,FALSE,TRUE,America/New_York,1,21218 21211 21210 21213 21212 21215 21214 21217 21216 21233 21231 21230 21239 21251 21209 21202 21206 21207 21205 21287 21201 21223 21224 21225 21226 21229 21203 21263 21264 21270 21273 21275 21278 21279 21281 21290 21297 21298,1840001592,eastern temperate forests,southeastern usa plains,northern piedmont,forested,forested,forested
Public,BaltimoreMD,46,0.5483461588402514,BaltimoreMD2022Curr,213,58911.858261,NA,676.7399826313073,28833.590004579146,22527.72284184696,NA,12737.852313286652,3569.7747485913164,5601.479205363584,NA,NA,NA,4318.846521962537,12769.844992445893,13040.25504740743,6873.805432126556,Baltimore,Baltimore,MD,Maryland,24510,Baltimore,39.3051,-76.6144,2189589,2753.1,shape,FALSE,TRUE,America/New_York,1,21218 21211 21210 21213 21212 21215 21214 21217 21216 21233 21231 21230 21239 21251 21209 21202 21206 21207 21205 21287 21201 21223 21224 21225 21226 21229 21203 21263 21264 21270 21273 21275 21278 21279 21281 21290 21297 21298,1840001592,eastern temperate forests,southeastern usa plains,northern piedmont,forested,forested,forested
Private,BurlingtonVT,51,0.32727847440828906,BurlingtonVT2022Curr,197,9917.460333,NA,NA,3699.0376368241,2862.341428199898,640.710599962796,996.8434788532488,1411.7951515999948,523.6960090136239,NA,74.1315,NA,647.029986982309,1361.3357253220277,905.8366132899978,3356.081268,Burlington,Burlington,VT,Vermont,50007,Chittenden,44.4876,-73.2316,118409,1673.2,shape,FALSE,TRUE,America/New_York,2,05405 05401 05408 05406,1840002310,eastern temperate forests,mixed wood plains,eastern great lakes and hudson lowlands,forested,forested,forested
Public,BurlingtonVT,35,0.3667351684523873,BurlingtonVT2022Curr,197,9917.460333,NA,NA,3699.0376368241,2862.341428199898,640.710599962796,996.8434788532488,1411.7951515999948,523.6960090136239,NA,74.1315,NA,647.029986982309,1361.3357253220277,905.8366132899978,3356.081268,Burlington,Burlington,VT,Vermont,50007,Chittenden,44.4876,-73.2316,118409,1673.2,shape,FALSE,TRUE,America/New_York,2,05405 05401 05408 05406,1840002310,eastern temperate forests,mixed wood plains,eastern great lakes and hudson lowlands,forested,forested,forested
Private,ChicagoIL,24,0.7507113436027728,ChicagoIL2022Curr,191,149835.180852,NA,822.3956074853666,89020.1359889885,54873.557828375,191.73435397753408,37304.54458814093,1920.8784817763349,12422.015164944904,NA,NA,NA,10834.767220957277,37160.313861399336,44881.83575365256,5119.091427188322,Chicago,Chicago,IL,Illinois,17031,Cook,41.8375,-87.6866,8489066,4590.3,shape,FALSE,TRUE,America/Chicago,1,60018 60649 60641 60640 60643 60642 60645 60644 60647 60646 60616 60617 60614 60615 60612 60613 60610 60611 60618 60619 60827 60661 60660 60638 60639 60634 60636 60637 60630 60631 60632 60633 60605 60604 60607 60606 60601 60603 60602 60609 60608 60106 60659 60652 60653 60656 60657 60654 60655 60651 60623 60622 60621 60620 60626 60625 60624 60629 60628 60707 60499 60664 60666 60668 60669 60670 60673 60674 60675 60677 60678 60680 60681 60684 60685 60686 60687 60688 60689 60690 60694 60695 60696 60699,1840000494,eastern temperate forests,central usa plains,central corn belt plains,forested,woodland,woodland
Public,ChicagoIL,40,0.4500501989076918,ChicagoIL2022Curr,191,149835.180852,NA,822.3956074853666,89020.1359889885,54873.557828375,191.73435397753408,37304.54458814093,1920.8784817763349,12422.015164944904,NA,NA,NA,10834.767220957277,37160.313861399336,44881.83575365256,5119.091427188322,Chicago,Chicago,IL,Illinois,17031,Cook,41.8375,-87.6866,8489066,4590.3,shape,FALSE,TRUE,America/Chicago,1,60018 60649 60641 60640 60643 60642 60645 60644 60647 60646 60616 60617 60614 60615 60612 60613 60610 60611 60618 60619 60827 60661 60660 60638 60639 60634 60636 60637 60630 60631 60632 60633 60605 60604 60607 60606 60601 60603 60602 60609 60608 60106 60659 60652 60653 60656 60657 60654 60655 60651 60623 60622 60621 60620 60626 60625 60624 60629 60628 60707 60499 60664 60666 60668 60669 60670 60673 60674 60675 60677 60678 60680 60681 60684 60685 60686 60687 60688 60689 60690 60694 60695 60696 60699,1840000494,eastern temperate forests,central usa plains,central corn belt plains,forested,woodland,woodland
Private,ClevelandOH,34,0.6231052513543378,ClevelandOH2022Curr,186,52778.66274,NA,858.9450083540752,26112.182357367437,22532.50278008593,NA,13040.326900325012,512.2621086731822,1830.054766419692,NA,392.6954953537315,NA,3770.700476963728,14513.092735723363,15444.497662348735,3275.0325946498706,Cleveland,Cleveland,OH,Ohio,39035,Cuyahoga,41.4764,-81.6805,1679247,1825.4,shape,FALSE,TRUE,America/New_York,1,44135 44128 44119 44113 44112 44111 44110 44115 44114 44144 44127 44120 44104 44105 44106 44101 44102 44103 44108 44109 44181 44190 44191 44192 44193 44194 44195 44197 44198 44199,1840000596,eastern temperate forests,mixed wood plains,eastern great lakes and hudson lowlands,forested,forested,forested
Public,ClevelandOH,40,0.5209998209937794,ClevelandOH2022Curr,186,52778.66274,NA,858.9450083540752,26112.182357367437,22532.50278008593,NA,13040.326900325012,512.2621086731822,1830.054766419692,NA,392.6954953537315,NA,3770.700476963728,14513.092735723363,15444.497662348735,3275.0325946498706,Cleveland,Cleveland,OH,Ohio,39035,Cuyahoga,41.4764,-81.6805,1679247,1825.4,shape,FALSE,TRUE,America/New_York,1,44135 44128 44119 44113 44112 44111 44110 44115 44114 44144 44127 44120 44104 44105 44106 44101 44102 44103 44108 44109 44181 44190 44191 44192 44193 44194 44195 44197 44198 44199,1840000596,eastern temperate forests,mixed wood plains,eastern great lakes and hudson lowlands,forested,forested,forested
Private,DesMoinesIA,55,0.42257716014315483,DesMoinesIA2022Curr,196,52861.1710995,NA,926.195477143737,32638.323910341,16999.636615599484,6960.842257951186,9200.037029287381,4854.903465275619,1569.9263153573966,NA,634.3854434307693,NA,3219.310739163166,14532.478512147158,9592.272240471546,2297.0150963474903,Des Moines,Des Moines,IA,Iowa,19153,Polk,41.5725,-93.6105,560170,930.5,shape,FALSE,TRUE,America/Chicago,2,50309 50314 50315 50316 50317 50310 50312 50313 50319 50321 50320 50311 50301 50302 50303 50304 50305 50306 50307 50308 50318 50328 50329 50330 50331 50332 50335 50340 50380 50381 50391 50392 50393 50394 50395 50396 50936 50940 50947 50950 50980 50981 50982 50983,1840007069,great plains,temperate prairies,western corn belt plains,not forested,not forested,not forested
Public,DesMoinesIA,23,0.4975433314539073,DesMoinesIA2022Curr,196,52861.1710995,NA,926.195477143737,32638.323910341,16999.636615599484,6960.842257951186,9200.037029287381,4854.903465275619,1569.9263153573966,NA,634.3854434307693,NA,3219.310739163166,14532.478512147158,9592.272240471546,2297.0150963474903,Des Moines,Des Moines,IA,Iowa,19153,Polk,41.5725,-93.6105,560170,930.5,shape,FALSE,TRUE,America/Chicago,2,50309 50314 50315 50316 50317 50310 50312 50313 50319 50321 50320 50311 50301 50302 50303 50304 50305 50306 50307 50308 50318 50328 50329 50330 50331 50332 50335 50340 50380 50381 50391 50392 50393 50394 50395 50396 50936 50940 50947 50950 50980 50981 50982 50983,1840007069,great plains,temperate prairies,western corn belt plains,not forested,not forested,not forested
Private,HoustonTX,49,0.3374627938677448,HoustonTX2022Curr,237,401591.537109,NA,32539.548598643836,247223.56881015218,100316.56524923808,3128.0975709183126,107429.7048029761,58969.39429653231,23405.94440080298,NA,882.3779561072995,1759.1343265120627,23961.83838251702,86830.1953507284,73712.9955709396,21511.854451142775,Houston,Houston,TX,Texas,48201,Harris,29.786,-95.3885,6046392,1386.5,shape,FALSE,TRUE,America/Chicago,1,77069 77068 77061 77060 77063 77062 77065 77064 77067 77066 77346 77571 77036 77037 77034 77035 77032 77033 77030 77031 77038 77449 77489 77044 77043 77042 77204 77598 77018 77019 77015 77016 77017 77010 77011 77012 77013 77094 77093 77092 77345 77547 77025 77024 77027 77026 77021 77020 77023 77022 77029 77028 77096 77090 77091 77098 77099 77078 77079 77072 77073 77070 77071 77076 77077 77074 77075 77407 77047 77046 77045 77041 77040 77048 77336 77339 77338 77003 77002 77007 77006 77005 77004 77009 77008 77450 77082 77084 77089 77088 77083 77081 77080 77087 77086 77085 77053 77054 77055 77056 77057 77058 77059 77396 77051 77506 77504 77001 77052 77201 77202 77203 77205 77206 77207 77208 77210 77212 77213 77215 77216 77217 77218 77219 77220 77221 77222 77223 77225 77226 77227 77228 77229 77230 77231 77233 77234 77235 77236 77237 77241 77242 77243 77244 77245 77248 77249 77251 77252 77253 77254 77255 77256 77257 77259 77261 77262 77263 77266 77269 77270 77271 77272 77273 77274 77275 77282 77284 77287 77288 77289 77291 77292 77293 77297 77299 77315 77325 77411,1840020925,great plains,texas-louisiana coastal plain,western gulf coastal plain,not forested,not forested,not forested
Public,HoustonTX,35,0.3153043875495579,HoustonTX2022Curr,237,401591.537109,NA,32539.548598643836,247223.56881015218,100316.56524923808,3128.0975709183126,107429.7048029761,58969.39429653231,23405.94440080298,NA,882.3779561072995,1759.1343265120627,23961.83838251702,86830.1953507284,73712.9955709396,21511.854451142775,Houston,Houston,TX,Texas,48201,Harris,29.786,-95.3885,6046392,1386.5,shape,FALSE,TRUE,America/Chicago,1,77069 77068 77061 77060 77063 77062 77065 77064 77067 77066 77346 77571 77036 77037 77034 77035 77032 77033 77030 77031 77038 77449 77489 77044 77043 77042 77204 77598 77018 77019 77015 77016 77017 77010 77011 77012 77013 77094 77093 77092 77345 77547 77025 77024 77027 77026 77021 77020 77023 77022 77029 77028 77096 77090 77091 77098 77099 77078 77079 77072 77073 77070 77071 77076 77077 77074 77075 77407 77047 77046 77045 77041 77040 77048 77336 77339 77338 77003 77002 77007 77006 77005 77004 77009 77008 77450 77082 77084 77089 77088 77083 77081 77080 77087 77086 77085 77053 77054 77055 77056 77057 77058 77059 77396 77051 77506 77504 77001 77052 77201 77202 77203 77205 77206 77207 77208 77210 77212 77213 77215 77216 77217 77218 77219 77220 77221 77222 77223 77225 77226 77227 77228 77229 77230 77231 77233 77234 77235 77236 77237 77241 77242 77243 77244 77245 77248 77249 77251 77252 77253 77254 77255 77256 77257 77259 77261 77262 77263 77266 77269 77270 77271 77272 77273 77274 77275 77282 77284 77287 77288 77289 77291 77292 77293 77297 77299 77315 77325 77411,1840020925,great plains,texas-louisiana coastal plain,western gulf coastal plain,not forested,not forested,not forested
Private,KansasCityMO,48,0.3350641760432225,KansasCityMO2022Curr,185,204186.617496,NA,2830.6425867154076,127080.0297402734,69705.83980818841,38037.02592821004,27734.94073559924,29642.037205609984,5754.488494683219,NA,1976.4092086934909,2311.698400987647,8321.045928419146,43091.37892652999,42747.48730644445,4570.093427436877,Kansas City,Kansas City,MO,Missouri,29095,Jackson,39.1238,-94.5541,1686807,623.6,shape,FALSE,TRUE,America/Chicago,1,64163 64165 64167 64161 64053 64119 64151 64153 64155 64154 64157 64156 64158 64108 64109 64105 64101 64128 64129 64124 64125 64126 64127 64120 64123 64164 64166 64118 64114 64117 64116 64111 64110 64113 64112 64132 64146 64145 64149 64147 64106 64102 64139 64138 64133 64131 64130 64137 64136 64134 64121 64141 64148 64162 64170 64171 64179 64180 64184 64187 64188 64191 64195 64196 64197 64198 64199 64999,1840008535,great plains,temperate prairies,western corn belt plains,not forested,not forested,not forested
Public,KansasCityMO,39,0.34567135956335204,KansasCityMO2022Curr,185,204186.617496,NA,2830.6425867154076,127080.0297402734,69705.83980818841,38037.02592821004,27734.94073559924,29642.037205609984,5754.488494683219,NA,1976.4092086934909,2311.698400987647,8321.045928419146,43091.37892652999,42747.48730644445,4570.093427436877,Kansas City,Kansas City,MO,Missouri,29095,Jackson,39.1238,-94.5541,1686807,623.6,shape,FALSE,TRUE,America/Chicago,1,64163 64165 64167 64161 64053 64119 64151 64153 64155 64154 64157 64156 64158 64108 64109 64105 64101 64128 64129 64124 64125 64126 64127 64120 64123 64164 64166 64118 64114 64117 64116 64111 64110 64113 64112 64132 64146 64145 64149 64147 64106 64102 64139 64138 64133 64131 64130 64137 64136 64134 64121 64141 64148 64162 64170 64171 64179 64180 64184 64187 64188 64191 64195 64196 64197 64198 64199 64999,1840008535,great plains,temperate prairies,western corn belt plains,not forested,not forested,not forested
Private,MadisonWI,41,0.537342970834084,MadisonWI2022Curr,207,60180.396489,NA,255.32603131593558,23868.887091459324,25212.108765448716,3046.5636057783345,7668.421939579849,3929.658489160628,2551.8347599913877,NA,1478.2198197081868,2051.0489832470175,4214.68162354799,11462.782456680508,12933.110210530074,10858.306909419449,Madison,Madison,WI,Wisconsin,55025,Dane,43.0822,-89.393,460255,1280.5,shape,FALSE,TRUE,America/Chicago,2,53706 53704 53705 53703 53714 53726 53792 53719 53718 53715 53717 53716 53711 53713 53701 53702 53707 53708 53725 53774 53777 53782 53783 53784 53785 53786 53788 53790 53793 53794,1840002915,eastern temperate forests,central usa plains,southeastern wisconsin till plains,forested,woodland,woodland
Public,MadisonWI,37,0.4355253251252216,MadisonWI2022Curr,207,60180.396489,NA,255.32603131593558,23868.887091459324,25212.108765448716,3046.5636057783345,7668.421939579849,3929.658489160628,2551.8347599913877,NA,1478.2198197081868,2051.0489832470175,4214.68162354799,11462.782456680508,12933.110210530074,10858.306909419449,Madison,Madison,WI,Wisconsin,55025,Dane,43.0822,-89.393,460255,1280.5,shape,FALSE,TRUE,America/Chicago,2,53706 53704 53705 53703 53714 53726 53792 53719 53718 53715 53717 53716 53711 53713 53701 53702 53707 53708 53725 53774 53777 53782 53783 53784 53785 53786 53788 53790 53793 53794,1840002915,eastern temperate forests,central usa plains,southeastern wisconsin till plains,forested,woodland,woodland
Private,MilwaukeeWI,40,0.4974581858323023,MilwaukeeWI2022Curr,210,61952.2134705,NA,565.3459387615204,37625.782863992354,23235.09119913912,110.35560264570744,15147.818637201804,3719.2932275008043,7105.074856392143,NA,NA,NA,5236.488759683657,14348.062473732623,15759.126444736256,525.9934688099796,Milwaukee,Milwaukee,WI,Wisconsin,55079,Milwaukee,43.0642,-87.9675,1290221,2287.4,shape,FALSE,TRUE,America/Chicago,1,53203 53202 53207 53206 53205 53204 53209 53208 53233 53211 53218 53219 53214 53215 53216 53210 53212 53213 53295 53225 53224 53221 53220 53223 53222 53228 53201 53237 53259 53263 53274 53278 53288 53290 53293,1840003046,eastern temperate forests,central usa plains,southeastern wisconsin till plains,forested,woodland,woodland
Public,MilwaukeeWI,39,0.43973457617377043,MilwaukeeWI2022Curr,210,61952.2134705,NA,565.3459387615204,37625.782863992354,23235.09119913912,110.35560264570744,15147.818637201804,3719.2932275008043,7105.074856392143,NA,NA,NA,5236.488759683657,14348.062473732623,15759.126444736256,525.9934688099796,Milwaukee,Milwaukee,WI,Wisconsin,55079,Milwaukee,43.0642,-87.9675,1290221,2287.4,shape,FALSE,TRUE,America/Chicago,1,53203 53202 53207 53206 53205 53204 53209 53208 53233 53211 53218 53219 53214 53215 53216 53210 53212 53213 53295 53225 53224 53221 53220 53223 53222 53228 53201 53237 53259 53263 53274 53278 53288 53290 53293,1840003046,eastern temperate forests,central usa plains,southeastern wisconsin till plains,forested,woodland,woodland
Private,MinneapolisMN,49,0.505227815385413,MinneapolMN2022Curr,196,36782.715933,NA,1015.2019537199791,18567.363379156253,15048.61714139052,NA,4462.340314816763,658.7686419738619,2206.43988028091,NA,NA,NA,4078.677948146824,11682.54192573422,11542.413763314173,2164.468950057139,Minneapolis,Minneapolis,MN,Minnesota,27053,Hennepin,44.9635,-93.2678,2906807,3052,shape,FALSE,TRUE,America/Chicago,1,55404 55409 55408 55407 55406 55405 55403 55402 55401 55454 55455 55430 55418 55419 55410 55411 55412 55413 55414 55415 55416 55417 55440 55458 55459 55467 55470 55472 55474 55478 55479 55480 55483 55484 55485 55486 55487 55488,1840007830,eastern temperate forests,mixed wood plains,north central hardwood forests,forested,forested,forested
Public,MinneapolisMN,33,0.44088353834488625,MinneapolMN2022Curr,196,36782.715933,NA,1015.2019537199791,18567.363379156253,15048.61714139052,NA,4462.340314816763,658.7686419738619,2206.43988028091,NA,NA,NA,4078.677948146824,11682.54192573422,11542.413763314173,2164.468950057139,Minneapolis,Minneapolis,MN,Minnesota,27053,Hennepin,44.9635,-93.2678,2906807,3052,shape,FALSE,TRUE,America/Chicago,1,55404 55409 55408 55407 55406 55405 55403 55402 55401 55454 55455 55430 55418 55419 55410 55411 55412 55413 55414 55415 55416 55417 55440 55458 55459 55467 55470 55472 55474 55478 55479 55480 55483 55484 55485 55486 55487 55488,1840007830,eastern temperate forests,mixed wood plains,north central hardwood forests,forested,forested,forested
Private,PittsburghPA,48,0.396504178281454,PittsburghPA2022Curr,182,37326.69288,NA,181.16016761593576,21694.19827804546,13885.073651310237,NA,6713.337061838984,7174.016818615933,1952.6935278924932,NA,NA,NA,2172.5974143876656,11009.382191371928,6738.405082864628,1566.260782835169,Pittsburgh,Pittsburgh,PA,Pennsylvania,42003,Allegheny,40.4397,-79.9763,1712828,2116.9,shape,FALSE,TRUE,America/New_York,1,15282 15216 15217 15214 15212 15213 15210 15211 15218 15219 15290 15232 15260 15233 15205 15204 15207 15206 15201 15203 15208 15234 15222 15221 15220 15226 15224 15120 15230 15240 15250 15251 15252 15253 15254 15255 15257 15258 15259 15261 15262 15264 15265 15267 15270 15272 15274 15279 15281 15286 15289 15295,1840001254,eastern temperate forests,ozark/ouachita-appalachian forests,western allegheny plateau,forested,forested,forested
Public,PittsburghPA,37,0.3330300212345293,PittsburghPA2022Curr,182,37326.69288,NA,181.16016761593576,21694.19827804546,13885.073651310237,NA,6713.337061838984,7174.016818615933,1952.6935278924932,NA,NA,NA,2172.5974143876656,11009.382191371928,6738.405082864628,1566.260782835169,Pittsburgh,Pittsburgh,PA,Pennsylvania,42003,Allegheny,40.4397,-79.9763,1712828,2116.9,shape,FALSE,TRUE,America/New_York,1,15282 15216 15217 15214 15212 15213 15210 15211 15218 15219 15290 15232 15260 15233 15205 15204 15207 15206 15201 15203 15208 15234 15222 15221 15220 15226 15224 15120 15230 15240 15250 15251 15252 15253 15254 15255 15257 15258 15259 15261 15262 15264 15265 15267 15270 15272 15274 15279 15281 15286 15289 15295,1840001254,eastern temperate forests,ozark/ouachita-appalachian forests,western allegheny plateau,forested,forested,forested
Private,PortlandME,40,0.2707472696703074,PortlandME2022Curr,179,12743.20485,NA,NA,6867.668724894855,4782.748545711423,224.18243800651499,2626.980751024016,2002.368924798884,918.2807714945515,NA,202.86783748929352,NA,1036.2703309550163,2392.3381083086974,2247.128108529303,1092.7875794099248,Portland,Portland,ME,Maine,23005,Cumberland,43.6773,-70.2715,213660,1228,shape,FALSE,TRUE,America/New_York,2,04101 04102 04103 04108 04109 04019 04104 04112 04116 04122 04123 04124,1840000327,eastern temperate forests,mixed wood plains,northeastern coastal zone,forested,forested,forested
Public,PortlandME,32,0.3177021234815822,PortlandME2022Curr,179,12743.20485,NA,NA,6867.668724894855,4782.748545711423,224.18243800651499,2626.980751024016,2002.368924798884,918.2807714945515,NA,202.86783748929352,NA,1036.2703309550163,2392.3381083086974,2247.128108529303,1092.7875794099248,Portland,Portland,ME,Maine,23005,Cumberland,43.6773,-70.2715,213660,1228,shape,FALSE,TRUE,America/New_York,2,04101 04102 04103 04108 04109 04019 04104 04112 04116 04122 04123 04124,1840000327,eastern temperate forests,mixed wood plains,northeastern coastal zone,forested,forested,forested
Private,PortlandOR,69,0.5010290126096764,PortlandOR2022Curr,193,92851.7053005,NA,662.6491486980364,49679.55543924047,35368.81371402439,786.7317283365875,18961.92384959857,10614.022908188279,3630.779649161783,NA,NA,NA,6503.296298192865,25191.078383617638,18929.62724946718,8234.24523365508,Portland,Portland,OR,Oregon,41051,Multnomah,45.5371,-122.65,2084045,1859,shape,FALSE,TRUE,America/Los_Angeles,1,97227 97221 97220 97229 97203 97202 97201 97206 97205 97204 97209 97208 97258 97266 97219 97213 97236 97232 97233 97230 97239 97218 97214 97215 97216 97217 97210 97211 97212 97207 97228 97238 97240 97242 97250 97251 97252 97253 97254 97256 97280 97282 97283 97286 97290 97291 97292 97293 97294,1840019941,marine west coast forest,marine west coast forest,willamette valley,forested,forested,forested
Public,PortlandOR,38,0.32586662545390577,PortlandOR2022Curr,193,92851.7053005,NA,662.6491486980364,49679.55543924047,35368.81371402439,786.7317283365875,18961.92384959857,10614.022908188279,3630.779649161783,NA,NA,NA,6503.296298192865,25191.078383617638,18929.62724946718,8234.24523365508,Portland,Portland,OR,Oregon,41051,Multnomah,45.5371,-122.65,2084045,1859,shape,FALSE,TRUE,America/Los_Angeles,1,97227 97221 97220 97229 97203 97202 97201 97206 97205 97204 97209 97208 97258 97266 97219 97213 97236 97232 97233 97230 97239 97218 97214 97215 97216 97217 97210 97211 97212 97207 97228 97238 97240 97242 97250 97251 97252 97253 97254 97256 97280 97282 97283 97286 97290 97291 97292 97293 97294,1840019941,marine west coast forest,marine west coast forest,willamette valley,forested,forested,forested
Private,ProvidenceRI,39,0.5008378337890729,ProvidenceRI2022Curr,197,13164.420033,NA,48.22502348967114,7075.375128549635,4571.239474184057,NA,3691.6304374189867,452.0470660957311,1007.5105150670219,NA,NA,NA,625.1089515163842,2602.490830151903,3316.051825973336,1469.5804066823778,Providence,Providence,RI,Rhode Island,44007,Providence,41.823,-71.4187,1270529,3990.1,shape,FALSE,TRUE,America/New_York,1,02903 02906 02907 02908 02904 02905 02909 02912 02918 02901 02902 02940,1840003289,eastern temperate forests,mixed wood plains,northeastern coastal zone,forested,forested,forested
Public,ProvidenceRI,42,0.6040109977600447,ProvidenceRI2022Curr,197,13164.420033,NA,48.22502348967114,7075.375128549635,4571.239474184057,NA,3691.6304374189867,452.0470660957311,1007.5105150670219,NA,NA,NA,625.1089515163842,2602.490830151903,3316.051825973336,1469.5804066823778,Providence,Providence,RI,Rhode Island,44007,Providence,41.823,-71.4187,1270529,3990.1,shape,FALSE,TRUE,America/New_York,1,02903 02906 02907 02908 02904 02905 02909 02912 02918 02901 02902 02940,1840003289,eastern temperate forests,mixed wood plains,northeastern coastal zone,forested,forested,forested
Private,RochesterNY,48,0.5002152235608284,RochesterNY2022Curr,189,23779.309518,NA,116.75521561462902,12100.223063268664,10699.44554043233,NA,6023.553053487978,2268.5076530457322,1124.9650347298427,NA,138.5504709433169,NA,2168.8544680171267,5648.504160729011,5543.488978362616,862.8856987175002,Rochester,Rochester,NY,New York,36055,Monroe,43.168,-77.6162,694707,2264.3,shape,FALSE,TRUE,America/New_York,2,14608 14609 14606 14607 14604 14605 14627 14620 14621 14619 14615 14614 14617 14611 14610 14613 14612 14642 14602 14603 14638 14639 14643 14644 14646 14647 14649 14650 14651 14653,1840000373,eastern temperate forests,mixed wood plains,eastern great lakes and hudson lowlands,forested,forested,forested
Public,RochesterNY,63,0.4529244225961305,RochesterNY2022Curr,189,23779.309518,NA,116.75521561462902,12100.223063268664,10699.44554043233,NA,6023.553053487978,2268.5076530457322,1124.9650347298427,NA,138.5504709433169,NA,2168.8544680171267,5648.504160729011,5543.488978362616,862.8856987175002,Rochester,Rochester,NY,New York,36055,Monroe,43.168,-77.6162,694707,2264.3,shape,FALSE,TRUE,America/New_York,2,14608 14609 14606 14607 14604 14605 14627 14620 14621 14619 14615 14614 14617 14611 14610 14613 14612 14642 14602 14603 14638 14639 14643 14644 14646 14647 14649 14650 14651 14653,1840000373,eastern temperate forests,mixed wood plains,eastern great lakes and hudson lowlands,forested,forested,forested
Private,SanAntonioTX,33,0.2721529882066134,SanAntonioTX2022Curr,171,298715.399721,NA,6185.157793864434,201087.97998105665,90785.31265487823,13737.271743490826,69279.11868703955,54757.054227207664,9041.948900200181,NA,NA,1818.5717583012056,16875.604140763746,87307.25619803074,45241.624774765405,656.9492908742133,San Antonio,San Antonio,TX,Texas,48029,Bexar,29.4632,-98.5238,2069843,1129,shape,FALSE,TRUE,America/Chicago,1,78112 78239 78259 78258 78252 78251 78250 78257 78256 78255 78254 78208 78201 78202 78203 78204 78205 78207 78245 78242 78248 78231 78230 78233 78232 78235 78234 78237 78238 78209 78109 78266 78264 78260 78219 78218 78217 78216 78215 78214 78213 78212 78211 78210 78244 78247 78240 78249 78073 78023 78222 78223 78220 78221 78226 78227 78224 78225 78228 78229 78206 78241 78246 78265 78268 78269 78270 78278 78279 78280 78283 78284 78285 78288 78289 78291 78292 78293 78294 78295 78296 78297 78298 78299,1840022220,great plains,south central semiarid prairies,texas blackland prairies,not forested,not forested,not forested
Public,SanAntonioTX,18,0.26126503054416417,SanAntonioTX2022Curr,171,298715.399721,NA,6185.157793864434,201087.97998105665,90785.31265487823,13737.271743490826,69279.11868703955,54757.054227207664,9041.948900200181,NA,NA,1818.5717583012056,16875.604140763746,87307.25619803074,45241.624774765405,656.9492908742133,San Antonio,San Antonio,TX,Texas,48029,Bexar,29.4632,-98.5238,2069843,1129,shape,FALSE,TRUE,America/Chicago,1,78112 78239 78259 78258 78252 78251 78250 78257 78256 78255 78254 78208 78201 78202 78203 78204 78205 78207 78245 78242 78248 78231 78230 78233 78232 78235 78234 78237 78238 78209 78109 78266 78264 78260 78219 78218 78217 78216 78215 78214 78213 78212 78211 78210 78244 78247 78240 78249 78073 78023 78222 78223 78220 78221 78226 78227 78224 78225 78228 78229 78206 78241 78246 78265 78268 78269 78270 78278 78279 78280 78283 78284 78285 78288 78289 78291 78292 78293 78294 78295 78296 78297 78298 78299,1840022220,great plains,south central semiarid prairies,texas blackland prairies,not forested,not forested,not forested
Private,SanDiegoCA,65,0.5240916961261988,SanDiegoCA2022Curr,192,169853.5769805,NA,7705.368784747494,90134.29261038991,69443.40559083283,1281.9173043756891,33679.57692219884,2009.3220558230646,7041.51131488112,NA,335.6169298523065,39384.74127284112,9448.735428016982,38091.3999058285,30092.239249352613,8488.516598511218,San Diego,San Diego,CA,California,06073,San Diego,32.8313,-117.1222,3057778,1640,shape,FALSE,TRUE,America/Los_Angeles,1,92182 92109 92108 92107 92106 92103 92101 92116 92117 92154 92115 92140 92161 92105 92104 92102 92071 92132 92130 92131 92136 92134 92139 92025 92027 92147 92145 92014 92093 92092 92119 92110 92111 92121 92120 92123 92122 92124 92127 92126 92129 92128 92037 92173 92113 92114 92038 92039 92072 92112 92137 92138 92142 92143 92149 92150 92152 92153 92158 92159 92160 92163 92165 92166 92167 92168 92169 92170 92171 92172 92174 92175 92176 92177 92186 92187 92191 92192 92193 92195 92196 92197 92198 92199,1840021990,mediterranean california,mediterranean california,"california coastal sage, chaparral, and oak woodlands",not forested,not forested,not forested
Public,SanDiegoCA,27,0.6092442577753036,SanDiegoCA2022Curr,192,169853.5769805,NA,7705.368784747494,90134.29261038991,69443.40559083283,1281.9173043756891,33679.57692219884,2009.3220558230646,7041.51131488112,NA,335.6169298523065,39384.74127284112,9448.735428016982,38091.3999058285,30092.239249352613,8488.516598511218,San Diego,San Diego,CA,California,06073,San Diego,32.8313,-117.1222,3057778,1640,shape,FALSE,TRUE,America/Los_Angeles,1,92182 92109 92108 92107 92106 92103 92101 92116 92117 92154 92115 92140 92161 92105 92104 92102 92071 92132 92130 92131 92136 92134 92139 92025 92027 92147 92145 92014 92093 92092 92119 92110 92111 92121 92120 92123 92122 92124 92127 92126 92129 92128 92037 92173 92113 92114 92038 92039 92072 92112 92137 92138 92142 92143 92149 92150 92152 92153 92158 92159 92160 92163 92165 92166 92167 92168 92169 92170 92171 92172 92174 92175 92176 92177 92186 92187 92191 92192 92193 92195 92196 92197 92198 92199,1840021990,mediterranean california,mediterranean california,"california coastal sage, chaparral, and oak woodlands",not forested,not forested,not forested
Private,SpringfieldMO,47,0.42733601508304975,SpringfielMO2020Curr,190,52658.784284655325,NA,1181.8955101488336,35709.33998134135,15178.736633463912,4203.183418508473,14180.65120542963,3305.978700450439,1759.9163277116575,NA,NA,NA,3324.8708267491133,15485.484661546334,9809.88698455845,588.8121598743186,Springfield,Springfield,MO,Missouri,29077,Greene,37.1943,-93.2916,289041,786.2,shape,FALSE,TRUE,America/Chicago,2,65810 65897 65619 65801 65802 65803 65804 65806 65807 65809 65805 65808 65814 65817 65890 65898 65899,1840009904,eastern temperate forests,ozark/ouachita-appalachian forests,ozark highlands,forested,forested,forested
Public,SpringfieldMO,21,0.5121297194963934,SpringfielMO2020Curr,190,52658.784284655325,NA,1181.8955101488336,35709.33998134135,15178.736633463912,4203.183418508473,14180.65120542963,3305.978700450439,1759.9163277116575,NA,NA,NA,3324.8708267491133,15485.484661546334,9809.88698455845,588.8121598743186,Springfield,Springfield,MO,Missouri,29077,Greene,37.1943,-93.2916,289041,786.2,shape,FALSE,TRUE,America/Chicago,2,65810 65897 65619 65801 65802 65803 65804 65806 65807 65809 65805 65808 65814 65817 65890 65898 65899,1840009904,eastern temperate forests,ozark/ouachita-appalachian forests,ozark highlands,forested,forested,forested
Private,StLouisMO,46,0.6070601537045178,StLouisMO2022Curr,194,42262.516413,NA,493.1167527769893,23275.576540150236,15375.064284746957,NA,10433.261820019146,136.4722771362439,1672.1766745935604,NA,44.62439460665005,NA,4388.023927540897,11306.674994998366,11162.523488779318,3118.758835724223,St. Louis,St. Louis,MO,Missouri,29510,St. Louis,38.6359,-90.2451,2127843,1833.6,shape,FALSE,TRUE,America/Chicago,1,63110 63111 63112 63113 63115 63116 63118 63120 63139 63107 63106 63104 63103 63102 63101 63109 63108 63155 63137 63143 63147 63150 63156 63157 63158 63160 63163 63164 63166 63169 63177 63178 63179 63180 63188 63197,1840001651,eastern temperate forests,southeastern usa plains,interior river valleys and hills,forested,forested,forested
Public,StLouisMO,36,0.6739942288269596,StLouisMO2022Curr,194,42262.516413,NA,493.1167527769893,23275.576540150236,15375.064284746957,NA,10433.261820019146,136.4722771362439,1672.1766745935604,NA,44.62439460665005,NA,4388.023927540897,11306.674994998366,11162.523488779318,3118.758835724223,St. Louis,St. Louis,MO,Missouri,29510,St. Louis,38.6359,-90.2451,2127843,1833.6,shape,FALSE,TRUE,America/Chicago,1,63110 63111 63112 63113 63115 63116 63118 63120 63139 63107 63106 63104 63103 63102 63101 63109 63108 63155 63137 63143 63147 63150 63156 63157 63158 63160 63163 63164 63166 63169 63177 63178 63179 63180 63188 63197,1840001651,eastern temperate forests,southeastern usa plains,interior river valleys and hills,forested,forested,forested
Private,TrentonNJ,70,0.3760356882477065,TrentonNJ2022Curr,168,86180.982273,NA,860.1363896538462,52996.90733995325,31131.06574879577,3440.5249932143,17782.491659864903,15433.97509423729,4310.157462061226,NA,978.684762936737,NA,5234.652785993573,22303.154303010135,15504.468417084694,1192.872794298746,Trenton,Trenton,NJ,New Jersey,34021,Mercer,40.2237,-74.7641,362501,4566.7,shape,FALSE,TRUE,America/New_York,2,08638 08611 08618 08629 08609 08608 08601 08603 08604 08605 08607 08625 08645 08646 08647 08666 08695,1840001383,eastern temperate forests,mississippi alluvial and southeast usa coastal plains,atlantic coastal pine barrens,forested,forested,forested
Public,TrentonNJ,47,0.4146783701675617,TrentonNJ2022Curr,168,86180.982273,NA,860.1363896538462,52996.90733995325,31131.06574879577,3440.5249932143,17782.491659864903,15433.97509423729,4310.157462061226,NA,978.684762936737,NA,5234.652785993573,22303.154303010135,15504.468417084694,1192.872794298746,Trenton,Trenton,NJ,New Jersey,34021,Mercer,40.2237,-74.7641,362501,4566.7,shape,FALSE,TRUE,America/New_York,2,08638 08611 08618 08629 08609 08608 08601 08603 08604 08605 08607 08625 08645 08646 08647 08666 08695,1840001383,eastern temperate forests,mississippi alluvial and southeast usa coastal plains,atlantic coastal pine barrens,forested,forested,forested
Private,WashingtonDC,54,0.6240867831013288,WashingtonDC2022Curr,184,43736.7695535,NA,11023.610649258846,16605.44665813538,11450.809435304833,NA,6796.923904774076,3939.9929808919483,4153.819325796624,NA,222.09470338526268,NA,5606.708640462297,8673.413070599185,9686.914116789667,4656.90281080094,Washington,Washington,DC,District of Columbia,11001,District of Columbia,38.9047,-77.0163,5146120,4245.2,shape,FALSE,TRUE,America/New_York,1,20250 20010 20011 20012 20015 20520 20064 20418 20415 20388 20319 20020 20024 20510 20515 20591 20427 20422 20542 20540 20240 20245 20390 20005 20004 20003 20002 20001 20009 20008 20016 20317 20059 20057 20052 20017 20018 20565 20566 20560 20220 20551 20019 20230 20373 20260 20007 20006 20032 20036 20037 20204 20431 20045 20408 20535 20530 20013 20022 20026 20027 20029 20030 20033 20035 20038 20039 20040 20042 20043 20044 20047 20049 20050 20053 20055 20056 20058 20060 20061 20062 20063 20065 20066 20067 20068 20069 20070 20071 20073 20074 20075 20076 20077 20078 20080 20081 20082 20090 20091 20201 20202 20203 20206 20207 20208 20210 20211 20212 20213 20214 20215 20216 20217 20218 20219 20221 20222 20223 20224 20226 20227 20228 20229 20232 20233 20235 20237 20238 20239 20241 20242 20244 20251 20252 20254 20261 20262 20265 20266 20268 20270 20277 20289 20299 20301 20303 20306 20310 20314 20318 20330 20340 20350 20355 20370 20372 20374 20375 20376 20380 20389 20391 20392 20393 20394 20395 20398 20401 20402 20403 20404 20405 20406 20407 20410 20411 20412 20413 20414 20416 20417 20419 20420 20421 20423 20424 20425 20426 20428 20429 20433 20434 20435 20436 20437 20439 20440 20441 20442 20444 20447 20451 20453 20456 20460 20463 20468 20469 20470 20472 20500 20501 20502 20503 20504 20505 20506 20507 20508 20509 20511 20521 20522 20523 20524 20525 20526 20527 20528 20529 20531 20533 20534 20536 20537 20538 20539 20541 20543 20544 20546 20547 20548 20549 20552 20553 20554 20555 20557 20559 20570 20571 20572 20573 20575 20576 20577 20578 20579 20580 20581 20585 20586 20590 20593 20594 20597 20599 56901 56902 56904 56908 56915 56920 56933 56935 56944 56945 56950 56965 56967 56972 56998 56999,1840006060,eastern temperate forests,southeastern usa plains,northern piedmont,forested,forested,forested
Public,WashingtonDC,50,0.42885797725948793,WashingtonDC2022Curr,184,43736.7695535,NA,11023.610649258846,16605.44665813538,11450.809435304833,NA,6796.923904774076,3939.9929808919483,4153.819325796624,NA,222.09470338526268,NA,5606.708640462297,8673.413070599185,9686.914116789667,4656.90281080094,Washington,Washington,DC,District of Columbia,11001,District of Columbia,38.9047,-77.0163,5146120,4245.2,shape,FALSE,TRUE,America/New_York,1,20250 20010 20011 20012 20015 20520 20064 20418 20415 20388 20319 20020 20024 20510 20515 20591 20427 20422 20542 20540 20240 20245 20390 20005 20004 20003 20002 20001 20009 20008 20016 20317 20059 20057 20052 20017 20018 20565 20566 20560 20220 20551 20019 20230 20373 20260 20007 20006 20032 20036 20037 20204 20431 20045 20408 20535 20530 20013 20022 20026 20027 20029 20030 20033 20035 20038 20039 20040 20042 20043 20044 20047 20049 20050 20053 20055 20056 20058 20060 20061 20062 20063 20065 20066 20067 20068 20069 20070 20071 20073 20074 20075 20076 20077 20078 20080 20081 20082 20090 20091 20201 20202 20203 20206 20207 20208 20210 20211 20212 20213 20214 20215 20216 20217 20218 20219 20221 20222 20223 20224 20226 20227 20228 20229 20232 20233 20235 20237 20238 20239 20241 20242 20244 20251 20252 20254 20261 20262 20265 20266 20268 20270 20277 20289 20299 20301 20303 20306 20310 20314 20318 20330 20340 20350 20355 20370 20372 20374 20375 20376 20380 20389 20391 20392 20393 20394 20395 20398 20401 20402 20403 20404 20405 20406 20407 20410 20411 20412 20413 20414 20416 20417 20419 20420 20421 20423 20424 20425 20426 20428 20429 20433 20434 20435 20436 20437 20439 20440 20441 20442 20444 20447 20451 20453 20456 20460 20463 20468 20469 20470 20472 20500 20501 20502 20503 20504 20505 20506 20507 20508 20509 20511 20521 20522 20523 20524 20525 20526 20527 20528 20529 20531 20533 20534 20536 20537 20538 20539 20541 20543 20544 20546 20547 20548 20549 20552 20553 20554 20555 20557 20559 20570 20571 20572 20573 20575 20576 20577 20578 20579 20580 20581 20585 20586 20590 20593 20594 20597 20599 56901 56902 56904 56908 56915 56920 56933 56935 56944 56945 56950 56965 56967 56972 56998 56999,1840006060,eastern temperate forests,southeastern usa plains,northern piedmont,forested,forested,forested
